24108	0000000839	PROCEDURA APERTA CON IL CRITRIO DELL&apos;OFFERTA ECONOMICAMENTE PIÙ VANTAGGIOSA RELATIVA AL “PROJECT FINANCING PER L’AFFIDAMENTO DELLA PROGETTAZIONE E REALIZZAZIONE DI UN INTERVENTO DI EFFICIENTAMENTO ED ADEGUAMENTO NORMATIVO DEGLI IMPIANTI DI PUBBLICA ILLUMINAZIONE STRADALE CON L’INTRODUZIONE DEI SERVIZI DI SMART CITY, NONCHÉ LA GESTIONE, LA MANUTENZIONE ORDINARIA E STRAORDINARIA DELL’IMPIANTO, IVI COMPRESA LA FORNITURA DI ENERGIA ELETTRICA” (EX. ART. 183,COMMA 15 DEL D.LGS N.50/2016)	15 Maggio 2020	http://www.comune.patti.me.it/administrator/components/com_albopretorio/allegati/allegato_24108_2020-1.pdf http://www.comune.patti.me.it/administrator/components/com_albopretorio/allegati/allegato_24108_2020-2.pdf	Fri, 15 May 2020 02:00:00 +0200	http://www.comune.patti.me.it/administrator/components/com_albopretorio/allegati/allegato_24108_2020-1.pdf
24107	0000000838	SERVIZIO DI MANUTENZIONE DEGLI IMPIANTI DI RISCALDAMENTO – GRUPPO ELETTROGENO – CONDIZIONAMENTO – AUTOMAZIONE CANCELLO ELETTRICO E GRUPPO AUTOCLAVE DEL PALAZZO DI GIUSTIZIA. LIQUIDAZIONE FATTURA. DITTA: OMISSIS	15 Maggio 2020	http://www.comune.patti.me.it/administrator/components/com_albopretorio/allegati/allegato_24107_2020-1.pdf http://www.comune.patti.me.it/administrator/components/com_albopretorio/allegati/allegato_24107_2020-2.pdf http://www.comune.patti.me.it/administrator/components/com_albopretorio/allegati/allegato_24107_2020-3.pdf	Fri, 15 May 2020 02:00:00 +0200	http://www.comune.patti.me.it/administrator/components/com_albopretorio/allegati/allegato_24107_2020-1.pdf
24106	0000000837	LAVORI URGENTI DI DEMOLIZIONE DEI RESIDUI DI FABBRICATI SITI NELLA VIA XX SETTEMBRE SOTTOSTANTI LA SALITA BROFFERIO PER LA SALVAGUARDIA DELLA PUBBLICA E PRIVATA INCOLUMITÀ. DITTA: B. A. DI BUCOLO ANTONINO LIQUIDAZIONE FATTURA	15 Maggio 2020	http://www.comune.patti.me.it/administrator/components/com_albopretorio/allegati/allegato_24106_2020-1.pdf http://www.comune.patti.me.it/administrator/components/com_albopretorio/allegati/allegato_24106_2020-2.pdf http://www.comune.patti.me.it/administrator/components/com_albopretorio/allegati/allegato_24106_2020-3.pdf	Fri, 15 May 2020 02:00:00 +0200	http://www.comune.patti.me.it/administrator/components/com_albopretorio/allegati/allegato_24106_2020-1.pdf
24105	0000000836	CHIUSURA AL TRANSITO VICOLO ANDREA DORIA PER LAVORI DAL 18/05/2020	15 Maggio 2020	http://www.comune.patti.me.it/administrator/components/com_albopretorio/allegati/allegato_24105_2020-1.pdf	Fri, 15 May 2020 02:00:00 +0200	http://www.comune.patti.me.it/administrator/components/com_albopretorio/allegati/allegato_24105_2020-1.pdf
24104	0000000835	PREVENZIONE INCENDI DEI TERRENI ADIACENTI LA LINEA FERROVIARIA	15 Maggio 2020	http://www.comune.patti.me.it/administrator/components/com_albopretorio/allegati/allegato_24104_2020-1.pdf	Fri, 15 May 2020 02:00:00 +0200	http://www.comune.patti.me.it/administrator/components/com_albopretorio/allegati/allegato_24104_2020-1.pdf
24103	0000000834	MISURE DI PREVENZIONE CONTRO GLI INCENDI BOSCHIVI E DI INTERFACCIA - ANNO 2020	15 Maggio 2020	http://www.comune.patti.me.it/administrator/components/com_albopretorio/allegati/allegato_24103_2020-1.pdf	Fri, 15 May 2020 02:00:00 +0200	http://www.comune.patti.me.it/administrator/components/com_albopretorio/allegati/allegato_24103_2020-1.pdf
24102	0000000833	DIVIETO DI SOSTA TEMPORANEO IN LARGO DEI NORMANNI E VIA FONTANELLE PER PULIZIA VERDE PUBBLICO LUNEDI&apos; 18/05/2020	15 Maggio 2020	http://www.comune.patti.me.it/administrator/components/com_albopretorio/allegati/allegato_24102_2020-1.pdf	Fri, 15 May 2020 02:00:00 +0200	http://www.comune.patti.me.it/administrator/components/com_albopretorio/allegati/allegato_24102_2020-1.pdf
24101	0000000832	ATTO DI INDIRIZZO PER ADEGUAMENTO OCCUPAZIONE SUOLO PUBBLICO ALL&apos;EMERGENZA COVID 19	15 Maggio 2020	http://www.comune.patti.me.it/administrator/components/com_albopretorio/allegati/allegato_24101_2020-1.pdf http://www.comune.patti.me.it/administrator/components/com_albopretorio/allegati/allegato_24101_2020-2.pdf	Fri, 15 May 2020 02:00:00 +0200	http://www.comune.patti.me.it/administrator/components/com_albopretorio/allegati/allegato_24101_2020-1.pdf
24100	0000000831	LAVORI DI AMPLIAMENTO SCUOLA MEDIA PIRANDELLO - APPROVAZIONE PERIZIA DI VARIANTE	15 Maggio 2020	http://www.comune.patti.me.it/administrator/components/com_albopretorio/allegati/allegato_24100_2020-1.pdf http://www.comune.patti.me.it/administrator/components/com_albopretorio/allegati/allegato_24100_2020-2.pdf	Fri, 15 May 2020 02:00:00 +0200	http://www.comune.patti.me.it/administrator/components/com_albopretorio/allegati/allegato_24100_2020-1.pdf
24099	0000000830	LAVORI DI PULIZIA SPIAGGE STAGIONE ESTIVA 2020	15 Maggio 2020	http://www.comune.patti.me.it/administrator/components/com_albopretorio/allegati/allegato_24099_2020-1.pdf http://www.comune.patti.me.it/administrator/components/com_albopretorio/allegati/allegato_24099_2020-2.pdf	Fri, 15 May 2020 02:00:00 +0200	http://www.comune.patti.me.it/administrator/components/com_albopretorio/allegati/allegato_24099_2020-1.pdf
24098	0000000829	SERVIZIO DI TRASPORTO E CONFERIMENTO FANGHI IN IMPIANTO DI COMPOSTAGGIO E SMALTIMENTO VAGLIO E SABBIE IN IMPIANTO AUTORIZZATO PROVENIENTI DALLA GESTIONE DELL&apos;IMPIANTO DI DEPURAZIONE. LIQUIDAZIONE FATTURA. DITTA: MYLECO S.A.S..	15 Maggio 2020	http://www.comune.patti.me.it/administrator/components/com_albopretorio/allegati/allegato_24098_2020-1.pdf http://www.comune.patti.me.it/administrator/components/com_albopretorio/allegati/allegato_24098_2020-2.pdf http://www.comune.patti.me.it/administrator/components/com_albopretorio/allegati/allegato_24098_2020-3.pdf	Fri, 15 May 2020 02:00:00 +0200	http://www.comune.patti.me.it/administrator/components/com_albopretorio/allegati/allegato_24098_2020-1.pdf
24097	0000000828	ASSICURAZIONE INFORTUNI, MALATTIA E RESPONSABILITA&apos; CIVILE PER IL GRUPPO COMUNALE VOLONTARI DI PROTEZIONE CIVILE - ANNO 2020 AGENZIA: UNIPOLSAI ASSICURAZIONI IMPEGNO E LIQUIDAZIONE POLIZZE N. 161188989/2 E 161189223/3 del 29.04.2020 CIG: Z0B2CD89DD	15 Maggio 2020	http://www.comune.patti.me.it/administrator/components/com_albopretorio/allegati/allegato_24097_2020-1.pdf http://www.comune.patti.me.it/administrator/components/com_albopretorio/allegati/allegato_24097_2020-2.pdf http://www.comune.patti.me.it/administrator/components/com_albopretorio/allegati/allegato_24097_2020-3.pdf http://www.comune.patti.me.it/administrator/components/com_albopretorio/allegati/allegato_24097_2020-4.pdf	Fri, 15 May 2020 02:00:00 +0200	http://www.comune.patti.me.it/administrator/components/com_albopretorio/allegati/allegato_24097_2020-1.pdf
24096	0000000827	LIQUIDAZIONE BUONI SPESA IN FAVORE DELLA DITTA ARLITEG S.R.L.S.- ILS DISCOUNT	15 Maggio 2020	http://www.comune.patti.me.it/administrator/components/com_albopretorio/allegati/allegato_24096_2020-1.pdf http://www.comune.patti.me.it/administrator/components/com_albopretorio/allegati/allegato_24096_2020-2.pdf http://www.comune.patti.me.it/administrator/components/com_albopretorio/allegati/allegato_24096_2020-3.pdf http://www.comune.patti.me.it/administrator/components/com_albopretorio/allegati/allegato_24096_2020-4.pdf	Fri, 15 May 2020 02:00:00 +0200	http://www.comune.patti.me.it/administrator/components/com_albopretorio/allegati/allegato_24096_2020-1.pdf
24095	0000000826	LIQUIDAZIONE BUONI SPESA EMERGENZA COVID-19- CONAD SGA S.R.L. CASE NUOVE PATTI	15 Maggio 2020	http://www.comune.patti.me.it/administrator/components/com_albopretorio/allegati/allegato_24095_2020-1.pdf http://www.comune.patti.me.it/administrator/components/com_albopretorio/allegati/allegato_24095_2020-2.pdf http://www.comune.patti.me.it/administrator/components/com_albopretorio/allegati/allegato_24095_2020-3.pdf http://www.comune.patti.me.it/administrator/components/com_albopretorio/allegati/allegato_24095_2020-4.pdf	Fri, 15 May 2020 02:00:00 +0200	http://www.comune.patti.me.it/administrator/components/com_albopretorio/allegati/allegato_24095_2020-1.pdf
24094	0000000825	MANUTENZIONE ORDINARIA DELLE AUTOBOTTI TARGATI. AJ 259 XB E CS 136 CL DITTA: FIORAVANTI RAFFAELE. LIQUIDAZIONE FATTURE	14 Maggio 2020	http://www.comune.patti.me.it/administrator/components/com_albopretorio/allegati/allegato_24094_2020-1.pdf http://www.comune.patti.me.it/administrator/components/com_albopretorio/allegati/allegato_24094_2020-2.pdf http://www.comune.patti.me.it/administrator/components/com_albopretorio/allegati/allegato_24094_2020-3.pdf	Thu, 14 May 2020 02:00:00 +0200	http://www.comune.patti.me.it/administrator/components/com_albopretorio/allegati/allegato_24094_2020-1.pdf
24093	0000000824	DETERMINA A CONTRARRE MEDIANTE AFFIDAMENTO DIRETTO ED IMPEGNO DI SPESA PER LA MANUTENZIONE ORDINARIA DELLE AUTOBOTTI TARGATI AJ 259 XB E CS 136 DITTA: FIORAVANTI RAFFAELE.	14 Maggio 2020	http://www.comune.patti.me.it/administrator/components/com_albopretorio/allegati/allegato_24093_2020-1.pdf http://www.comune.patti.me.it/administrator/components/com_albopretorio/allegati/allegato_24093_2020-2.pdf http://www.comune.patti.me.it/administrator/components/com_albopretorio/allegati/allegato_24093_2020-3.pdf	Thu, 14 May 2020 02:00:00 +0200	http://www.comune.patti.me.it/administrator/components/com_albopretorio/allegati/allegato_24093_2020-1.pdf
24092	0000000823	DETERMINA A CONTRARRE MEDIANTE AFFIDAMENTO DIRETTO ED IMPEGNO DI SPESA PER I LAVORI DI ADEGUAMENTO LOCALI PER POTENZIAMENTO SERBATOIO IDRICO “MONTE GIOVE”. DITTA: CA.FER. EDILIZIA S.A.S. DI CANDUCI T. &amp; FIGLI	14 Maggio 2020	http://www.comune.patti.me.it/administrator/components/com_albopretorio/allegati/allegato_24092_2020-1.pdf http://www.comune.patti.me.it/administrator/components/com_albopretorio/allegati/allegato_24092_2020-2.pdf http://www.comune.patti.me.it/administrator/components/com_albopretorio/allegati/allegato_24092_2020-3.pdf	Thu, 14 May 2020 02:00:00 +0200	http://www.comune.patti.me.it/administrator/components/com_albopretorio/allegati/allegato_24092_2020-1.pdf
24091	0000000822	LIQUIDAZIONE BUONI SPESA EMERGENZA COVID-19- DITTA MARINO 59- EUROSPIN.	14 Maggio 2020	http://www.comune.patti.me.it/administrator/components/com_albopretorio/allegati/allegato_24091_2020-1.pdf http://www.comune.patti.me.it/administrator/components/com_albopretorio/allegati/allegato_24091_2020-2.pdf http://www.comune.patti.me.it/administrator/components/com_albopretorio/allegati/allegato_24091_2020-3.pdf http://www.comune.patti.me.it/administrator/components/com_albopretorio/allegati/allegato_24091_2020-4.pdf	Thu, 14 May 2020 02:00:00 +0200	http://www.comune.patti.me.it/administrator/components/com_albopretorio/allegati/allegato_24091_2020-1.pdf
24090	0000000821	LIQUIDAZIONE BUONI SPESA EMERGENZA COVID-19- DITTA MARKET PROVIDENZA DI LA MONICA CRISTIAN	14 Maggio 2020	http://www.comune.patti.me.it/administrator/components/com_albopretorio/allegati/allegato_24090_2020-1.pdf http://www.comune.patti.me.it/administrator/components/com_albopretorio/allegati/allegato_24090_2020-2.pdf http://www.comune.patti.me.it/administrator/components/com_albopretorio/allegati/allegato_24090_2020-3.pdf http://www.comune.patti.me.it/administrator/components/com_albopretorio/allegati/allegato_24090_2020-4.pdf http://www.comune.patti.me.it/administrator/components/com_albopretorio/allegati/allegato_24090_2020-5.pdf	Thu, 14 May 2020 02:00:00 +0200	http://www.comune.patti.me.it/administrator/components/com_albopretorio/allegati/allegato_24090_2020-1.pdf
24089	0000000820	LIQUIDAZIONE BUONI SPESA EMERGENZA COVID-19- DITTA FI.GE.S. S.R.L. - DESPAR	14 Maggio 2020	http://www.comune.patti.me.it/administrator/components/com_albopretorio/allegati/allegato_24089_2020-1.pdf http://www.comune.patti.me.it/administrator/components/com_albopretorio/allegati/allegato_24089_2020-2.pdf http://www.comune.patti.me.it/administrator/components/com_albopretorio/allegati/allegato_24089_2020-3.pdf http://www.comune.patti.me.it/administrator/components/com_albopretorio/allegati/allegato_24089_2020-4.pdf	Thu, 14 May 2020 02:00:00 +0200	http://www.comune.patti.me.it/administrator/components/com_albopretorio/allegati/allegato_24089_2020-1.pdf
24088	0000000819	LIQUIDAZIONE BUONI SPESA EMERGENZA COVID-19- DITTA MACELLERIA CONTI ROBERTO.	14 Maggio 2020	http://www.comune.patti.me.it/administrator/components/com_albopretorio/allegati/allegato_24088_2020-1.pdf http://www.comune.patti.me.it/administrator/components/com_albopretorio/allegati/allegato_24088_2020-2.pdf http://www.comune.patti.me.it/administrator/components/com_albopretorio/allegati/allegato_24088_2020-3.pdf http://www.comune.patti.me.it/administrator/components/com_albopretorio/allegati/allegato_24088_2020-4.pdf	Thu, 14 May 2020 02:00:00 +0200	http://www.comune.patti.me.it/administrator/components/com_albopretorio/allegati/allegato_24088_2020-1.pdf
24087	0000000818	CONTROLLO ATTIVITA&apos; EDILIZIA - ELENCO RAPPORTI RICEVUTI E DELLE ORDINANZE EMESSE - MESE DI APRILE 2020	14 Maggio 2020	http://www.comune.patti.me.it/administrator/components/com_albopretorio/allegati/allegato_24087_2020-1.pdf	Thu, 14 May 2020 02:00:00 +0200	http://www.comune.patti.me.it/administrator/components/com_albopretorio/allegati/allegato_24087_2020-1.pdf
24086	0000000817	ASSEGNAZIONE RISORSE PER LA PROPOSIZIONE DELL’APPELLO AVVERSO LA SENTENZA N.33/2020 DEL GIUDICE DI PACE DI PATTI. PONTILLO VALERIO	14 Maggio 2020	http://www.comune.patti.me.it/administrator/components/com_albopretorio/allegati/allegato_24086_2020-1.pdf http://www.comune.patti.me.it/administrator/components/com_albopretorio/allegati/allegato_24086_2020-2.pdf	Thu, 14 May 2020 02:00:00 +0200	http://www.comune.patti.me.it/administrator/components/com_albopretorio/allegati/allegato_24086_2020-1.pdf
24085	0000000816	INCARICO DI CONSULENZA E SUPPORTO PER REDAZIONE PIANO ECONOMICO FINANZIARIO TARI – ASSEGNAZIONE RISORSE	14 Maggio 2020	http://www.comune.patti.me.it/administrator/components/com_albopretorio/allegati/allegato_24085_2020-1.pdf http://www.comune.patti.me.it/administrator/components/com_albopretorio/allegati/allegato_24085_2020-2.pdf	Thu, 14 May 2020 02:00:00 +0200	http://www.comune.patti.me.it/administrator/components/com_albopretorio/allegati/allegato_24085_2020-1.pdf
24084	0000000815	ATTO DI INDIRIZZO PER LA SOSPENSIONE DEL PAGAMENTO ANNO 2020 DELLA QUOTA CAPITALE DEI MUTUI CONTRATTI CON L’ISTITUTO PER IL CREDITO SPORTIVO	14 Maggio 2020	http://www.comune.patti.me.it/administrator/components/com_albopretorio/allegati/allegato_24084_2020-1.pdf http://www.comune.patti.me.it/administrator/components/com_albopretorio/allegati/allegato_24084_2020-2.pdf	Thu, 14 May 2020 02:00:00 +0200	http://www.comune.patti.me.it/administrator/components/com_albopretorio/allegati/allegato_24084_2020-1.pdf
24083	0000000814	ART. 192 DEL T.U.E.L. - DETERMINAZIONE A CONTRATTARE RELATIVA ALL&apos;ASSISTENZA SOFTWARE CONTABILITÀ FINANZIARIA, PARTITA DOPPIA, INVENTARIO, ECONOMATO, STIPENDI, GESTIONE GIURIDICA E GESTIONE PRESENZE ANNI 2020 - 2021 - (CIG: Z1E2CF3A78)	13 Maggio 2020	http://www.comune.patti.me.it/administrator/components/com_albopretorio/allegati/allegato_24083_2020-1.pdf http://www.comune.patti.me.it/administrator/components/com_albopretorio/allegati/allegato_24083_2020-2.pdf http://www.comune.patti.me.it/administrator/components/com_albopretorio/allegati/allegato_24083_2020-3.pdf http://www.comune.patti.me.it/administrator/components/com_albopretorio/allegati/allegato_24083_2020-4.pdf	Wed, 13 May 2020 02:00:00 +0200	http://www.comune.patti.me.it/administrator/components/com_albopretorio/allegati/allegato_24083_2020-1.pdf
24082	0000000813	ART. 192 DEL T.U.E.L. - DETERMINAZIONE A CONTRATTARE RELATIVA AL SERVIZIO DI SUPPORTO TECNICO SPECIALISTICO PER L&apos;ELABORAZIONE DEL CONTO ECONOMICO E DELLO STATO PATRIMONIALE PER L&apos;ESERCIZIO 2019 - (CIG: Z5E2CF3B0D)	13 Maggio 2020	http://www.comune.patti.me.it/administrator/components/com_albopretorio/allegati/allegato_24082_2020-1.pdf http://www.comune.patti.me.it/administrator/components/com_albopretorio/allegati/allegato_24082_2020-2.pdf http://www.comune.patti.me.it/administrator/components/com_albopretorio/allegati/allegato_24082_2020-3.pdf http://www.comune.patti.me.it/administrator/components/com_albopretorio/allegati/allegato_24082_2020-4.pdf	Wed, 13 May 2020 02:00:00 +0200	http://www.comune.patti.me.it/administrator/components/com_albopretorio/allegati/allegato_24082_2020-1.pdf
24081	0000000812	SOSPENSIONE TEMPORANEA PAGAMENTO SOSTA NEL CENTRO URBANO: ECCETTO IN PIAZZA S.D&apos;ACQUISTO E IN PIAZZA ADELASIA	13 Maggio 2020	http://www.comune.patti.me.it/administrator/components/com_albopretorio/allegati/allegato_24081_2020-1.pdf	Wed, 13 May 2020 02:00:00 +0200	http://www.comune.patti.me.it/administrator/components/com_albopretorio/allegati/allegato_24081_2020-1.pdf
24080	0000000811	RIAPERTURA MERCATO SETTIMANALE DEL SABATO E DEL MERCATO DEL CONTADINO DEL VENERDI&apos; LIMITATAMENTE ALLA VENDITA DEI SOLI GENERI ALIMENTARI	13 Maggio 2020	http://www.comune.patti.me.it/administrator/components/com_albopretorio/allegati/allegato_24080_2020-1.pdf	Wed, 13 May 2020 02:00:00 +0200	http://www.comune.patti.me.it/administrator/components/com_albopretorio/allegati/allegato_24080_2020-1.pdf
24079	0000000810	PUBBLICAZIONE DI MATRIMONIO CADILI - GREGORIO	13 Maggio 2020	http://www.comune.patti.me.it/administrator/components/com_albopretorio/allegati/allegato_24079_2020-1.pdf	Wed, 13 May 2020 02:00:00 +0200	http://www.comune.patti.me.it/administrator/components/com_albopretorio/allegati/allegato_24079_2020-1.pdf
24078	0000000809	REGOLARIZZAZIONE CONGEDO PARENTALE PER EMERGENZA COVID-19, CON INDENNITA’ AL 50% DELLA RETRIBUZIONE, INTRODOTTI DAGLI ARTICOLI 23 E 25 DEL DECRETO LEGGE “CURA ITALIA” 17 MARZO 2020, N. 18 – DEL DIPENDENTE ZUMBO CARMELO GIORNI 15 (QUINDICI)	13 Maggio 2020	http://www.comune.patti.me.it/administrator/components/com_albopretorio/allegati/allegato_24078_2020-1.pdf http://www.comune.patti.me.it/administrator/components/com_albopretorio/allegati/allegato_24078_2020-2.pdf	Wed, 13 May 2020 02:00:00 +0200	http://www.comune.patti.me.it/administrator/components/com_albopretorio/allegati/allegato_24078_2020-1.pdf
24077	0000000808	NOLEGGIO GRUPPO ELETTROGENO PER INTERRUZIONE ENERGIA ELETTRICA PRESSO LA CENTRALE TIMETO GIORNO 07/09/2019. DITTA: ENERGIA 2000 S.R.L. LIQUIDAZIONE FATTURA.	12 Maggio 2020	http://www.comune.patti.me.it/administrator/components/com_albopretorio/allegati/allegato_24077_2020-1.pdf http://www.comune.patti.me.it/administrator/components/com_albopretorio/allegati/allegato_24077_2020-2.pdf http://www.comune.patti.me.it/administrator/components/com_albopretorio/allegati/allegato_24077_2020-3.pdf	Tue, 12 May 2020 02:00:00 +0200	http://www.comune.patti.me.it/administrator/components/com_albopretorio/allegati/allegato_24077_2020-1.pdf
24076	0000000807	ASSEGNO NUCLEO FAMILIARE DI CUI ALL&apos;ART. 65 DELLA LEGGE 448/98 E SS.MM.II.	12 Maggio 2020	http://www.comune.patti.me.it/administrator/components/com_albopretorio/allegati/allegato_24076_2020-1.pdf	Tue, 12 May 2020 02:00:00 +0200	http://www.comune.patti.me.it/administrator/components/com_albopretorio/allegati/allegato_24076_2020-1.pdf
24075	0000000806	ASSEGNO DI MATERNITA&apos; - L.448/98 E SS.MM.II.	12 Maggio 2020	http://www.comune.patti.me.it/administrator/components/com_albopretorio/allegati/allegato_24075_2020-1.pdf	Tue, 12 May 2020 02:00:00 +0200	http://www.comune.patti.me.it/administrator/components/com_albopretorio/allegati/allegato_24075_2020-1.pdf
24074	0000000805	DIVIETO DI SOSTA VIA GORIZIA PER LAVORI CON DECORRENZA DAL 14/05/2020	11 Maggio 2020	http://www.comune.patti.me.it/administrator/components/com_albopretorio/allegati/allegato_24074_2020-1.pdf	Mon, 11 May 2020 02:00:00 +0200	http://www.comune.patti.me.it/administrator/components/com_albopretorio/allegati/allegato_24074_2020-1.pdf
24073	0000000804	ORDINANZA TSO	11 Maggio 2020	http://www.comune.patti.me.it/administrator/components/com_albopretorio/allegati/allegato_24073_2020-1.pdf	Mon, 11 May 2020 02:00:00 +0200	http://www.comune.patti.me.it/administrator/components/com_albopretorio/allegati/allegato_24073_2020-1.pdf
24072	0000000803	ASSEGNAZIONE RISORSE PER LAVAGGI E SANIFICAZIONE DEGLI AUTOMEZZI DI PROPRIETÀ COMUNALE	11 Maggio 2020	http://www.comune.patti.me.it/administrator/components/com_albopretorio/allegati/allegato_24072_2020-1.pdf http://www.comune.patti.me.it/administrator/components/com_albopretorio/allegati/allegato_24072_2020-2.pdf	Mon, 11 May 2020 02:00:00 +0200	http://www.comune.patti.me.it/administrator/components/com_albopretorio/allegati/allegato_24072_2020-1.pdf
24071	0000000802	SERVIZIO DI MANUTENZIONE E GESTIONE DELL’IMPIANTO DI DEPURAZIONE DELLE ACQUEREFLUE DI PROVENIENZA CIVILE E DELLA CONDOTTA SOTTOMARINA DI SCARICO. MESI VENTI	11 Maggio 2020	http://www.comune.patti.me.it/administrator/components/com_albopretorio/allegati/allegato_24071_2020-1.pdf http://www.comune.patti.me.it/administrator/components/com_albopretorio/allegati/allegato_24071_2020-2.pdf	Mon, 11 May 2020 02:00:00 +0200	http://www.comune.patti.me.it/administrator/components/com_albopretorio/allegati/allegato_24071_2020-1.pdf
24070	0000000801	SERVIZIO DI SUPPORTO TECNICO SPECIALISTICO PER L’ELABORAZIONE DEL CONTO ECONOMICO E DELLO STATO PATRIMONIALE ANNO 2019. ATTO DI INDIRIZZO ED ASSEGNAZIONE SOMME	11 Maggio 2020	http://www.comune.patti.me.it/administrator/components/com_albopretorio/allegati/allegato_24070_2020-1.pdf http://www.comune.patti.me.it/administrator/components/com_albopretorio/allegati/allegato_24070_2020-2.pdf	Mon, 11 May 2020 02:00:00 +0200	http://www.comune.patti.me.it/administrator/components/com_albopretorio/allegati/allegato_24070_2020-1.pdf
24069	0000000800	ASSISTENZA SOFTWARE CONTABILITÀ FINANZIARIA, PARTITA DOPPIA, INVENTARIO, ECONOMATO STIPENDI, GESTIONE GIURIDICA E GESTIONE PRESENZE ANNI 2020 - 2021. – ASSEGNAZIONE RISORSE	11 Maggio 2020	http://www.comune.patti.me.it/administrator/components/com_albopretorio/allegati/allegato_24069_2020-1.pdf http://www.comune.patti.me.it/administrator/components/com_albopretorio/allegati/allegato_24069_2020-2.pdf	Mon, 11 May 2020 02:00:00 +0200	http://www.comune.patti.me.it/administrator/components/com_albopretorio/allegati/allegato_24069_2020-1.pdf
24068	0000000799	ASSICURAZIONI INFORTUNI, MALATTIA E RESPONSABILITÀ CIVILE GRUPPO VOLONTARI DI PROTEZIONE CIVILE- ASSEGNAZIONE RISORSE	11 Maggio 2020	http://www.comune.patti.me.it/administrator/components/com_albopretorio/allegati/allegato_24068_2020-1.pdf http://www.comune.patti.me.it/administrator/components/com_albopretorio/allegati/allegato_24068_2020-2.pdf	Mon, 11 May 2020 02:00:00 +0200	http://www.comune.patti.me.it/administrator/components/com_albopretorio/allegati/allegato_24068_2020-1.pdf
24067	0000000798	AVVISO DI INDAGINE DI MERCATO PER L’AFFIDAMENTO DEL SERVIZIO DI TESORERIA COMUNALE MEDIANTE PROCEDURA NEGOZIATA SENZA PREVIA PUBBLICAZIONE DI UN BANDO DI GARA(C.I.G.: Z4F2C5D1EB)	8 Maggio 2020	http://www.comune.patti.me.it/administrator/components/com_albopretorio/allegati/allegato_24067_2020-1.pdf http://www.comune.patti.me.it/administrator/components/com_albopretorio/allegati/allegato_24067_2020-2.pdf http://www.comune.patti.me.it/administrator/components/com_albopretorio/allegati/allegato_24067_2020-3.pdf http://www.comune.patti.me.it/administrator/components/com_albopretorio/allegati/allegato_24067_2020-4.pdf http://www.comune.patti.me.it/administrator/components/com_albopretorio/allegati/allegato_24067_2020-5.pdf	Fri, 08 May 2020 02:00:00 +0200	http://www.comune.patti.me.it/administrator/components/com_albopretorio/allegati/allegato_24067_2020-1.pdf
24066	0000000797	PROCEDURA NEGOZIATA SENZA PREVIA PUBBLICAZIONE DI UN BANDO DI GARA (ART. 63 DEL D.LGS. N. 50/2016 E S.M.I.) PER L’AFFIDAMENTO DEL SERVIZIO DI TESORERIA COMUNALE PER IL PERIODO DAL 01/07/2020 AL 30/06/2023 (C.I.G.: Z4F2C5D1EB).	8 Maggio 2020	http://www.comune.patti.me.it/administrator/components/com_albopretorio/allegati/allegato_24066_2020-1.pdf http://www.comune.patti.me.it/administrator/components/com_albopretorio/allegati/allegato_24066_2020-2.pdf http://www.comune.patti.me.it/administrator/components/com_albopretorio/allegati/allegato_24066_2020-3.pdf http://www.comune.patti.me.it/administrator/components/com_albopretorio/allegati/allegato_24066_2020-4.pdf http://www.comune.patti.me.it/administrator/components/com_albopretorio/allegati/allegato_24066_2020-5.pdf http://www.comune.patti.me.it/administrator/components/com_albopretorio/allegati/allegato_24066_2020-6.pdf http://www.comune.patti.me.it/administrator/components/com_albopretorio/allegati/allegato_24066_2020-7.pdf	Fri, 08 May 2020 02:00:00 +0200	http://www.comune.patti.me.it/administrator/components/com_albopretorio/allegati/allegato_24066_2020-1.pdf
24065	0000000796	LIQUIDAZIONE FATTURE TIM DI TELECOM ITALIA SPA	8 Maggio 2020	http://www.comune.patti.me.it/administrator/components/com_albopretorio/allegati/allegato_24065_2020-1.pdf http://www.comune.patti.me.it/administrator/components/com_albopretorio/allegati/allegato_24065_2020-2.pdf http://www.comune.patti.me.it/administrator/components/com_albopretorio/allegati/allegato_24065_2020-3.pdf	Fri, 08 May 2020 02:00:00 +0200	http://www.comune.patti.me.it/administrator/components/com_albopretorio/allegati/allegato_24065_2020-1.pdf
24063	0000000794	LIQUIDAZIONE FATTURA N. 9516, DEL 20.04.2020: SERVIZIO “TP VISURE ACI” PER CONSULTAZIONI BANCA DATI P.R.A. DI FEBBRAIO E MARZO 2020	8 Maggio 2020	http://www.comune.patti.me.it/administrator/components/com_albopretorio/allegati/allegato_24063_2020-1.pdf http://www.comune.patti.me.it/administrator/components/com_albopretorio/allegati/allegato_24063_2020-2.pdf http://www.comune.patti.me.it/administrator/components/com_albopretorio/allegati/allegato_24063_2020-3.pdf http://www.comune.patti.me.it/administrator/components/com_albopretorio/allegati/allegato_24063_2020-4.pdf	Fri, 08 May 2020 02:00:00 +0200	http://www.comune.patti.me.it/administrator/components/com_albopretorio/allegati/allegato_24063_2020-1.pdf
24062	0000000793	AVVISO &quot;APPROVAZIONE DEL BILANCIO DI PREVISIONE RELATIVO ALL&apos;ESERCIZIO FINANZIARIO 2015&quot;	8 Maggio 2020	http://www.comune.patti.me.it/administrator/components/com_albopretorio/allegati/allegato_24062_2020-1.pdf	Fri, 08 May 2020 02:00:00 +0200	http://www.comune.patti.me.it/administrator/components/com_albopretorio/allegati/allegato_24062_2020-1.pdf
24061	0000000792	DELIBERA N.5 DEL 07/05/2020 &quot;APPROVAZIONE BILANCIO DI PREVISIONE PER L&apos;ESERCIZIO 2015&quot;	8 Maggio 2020	http://www.comune.patti.me.it/administrator/components/com_albopretorio/allegati/allegato_24061_2020-1.pdf	Fri, 08 May 2020 02:00:00 +0200	http://www.comune.patti.me.it/administrator/components/com_albopretorio/allegati/allegato_24061_2020-1.pdf
24060	0000000791	AVVISO APPROVAZIONE CONTO CONSUNTIVO ESERCIZIO FINANZIARIO 2014	8 Maggio 2020	http://www.comune.patti.me.it/administrator/components/com_albopretorio/allegati/allegato_24060_2020-1.pdf	Fri, 08 May 2020 02:00:00 +0200	http://www.comune.patti.me.it/administrator/components/com_albopretorio/allegati/allegato_24060_2020-1.pdf
24059	0000000790	DELIBERA N. 4 DEL 07/05/2020 &quot;APPROVAZIONE DEL CONTO CONSUNTIVO ESERCIZIO 2014&quot;	8 Maggio 2020	http://www.comune.patti.me.it/administrator/components/com_albopretorio/allegati/allegato_24059_2020-1.pdf	Fri, 08 May 2020 02:00:00 +0200	http://www.comune.patti.me.it/administrator/components/com_albopretorio/allegati/allegato_24059_2020-1.pdf
24058	0000000789	SPESA A FAVORE DELLA SIG.RA CIRINO MARIA IN ESECUZIONE DELLA DELIBERA DI C.C. N. 7/2020. IMPEGNO.	7 Maggio 2020	http://www.comune.patti.me.it/administrator/components/com_albopretorio/allegati/allegato_24058_2020-1.pdf http://www.comune.patti.me.it/administrator/components/com_albopretorio/allegati/allegato_24058_2020-2.pdf http://www.comune.patti.me.it/administrator/components/com_albopretorio/allegati/allegato_24058_2020-3.pdf http://www.comune.patti.me.it/administrator/components/com_albopretorio/allegati/allegato_24058_2020-4.pdf	Thu, 07 May 2020 02:00:00 +0200	http://www.comune.patti.me.it/administrator/components/com_albopretorio/allegati/allegato_24058_2020-1.pdf
24057	0000000788	SPESA A FAVORE DEL DIFENSORE DEI SIG.RI SAGGESE IN ESECUZIONE DELLA DELIBERA DI C.C.N.10/2020. LIQUIDAZIONE..	7 Maggio 2020	http://www.comune.patti.me.it/administrator/components/com_albopretorio/allegati/allegato_24057_2020-1.pdf http://www.comune.patti.me.it/administrator/components/com_albopretorio/allegati/allegato_24057_2020-2.pdf http://www.comune.patti.me.it/administrator/components/com_albopretorio/allegati/allegato_24057_2020-3.pdf http://www.comune.patti.me.it/administrator/components/com_albopretorio/allegati/allegato_24057_2020-4.pdf	Thu, 07 May 2020 02:00:00 +0200	http://www.comune.patti.me.it/administrator/components/com_albopretorio/allegati/allegato_24057_2020-1.pdf
24056	0000000787	SPESA A FAVORE DEL SIG.LAGUIDARA GIOVANNI IN ESECUZIONE DELLA DELIBERA DI C.C. N. 8/2020. IMPEGNO	7 Maggio 2020	http://www.comune.patti.me.it/administrator/components/com_albopretorio/allegati/allegato_24056_2020-1.pdf http://www.comune.patti.me.it/administrator/components/com_albopretorio/allegati/allegato_24056_2020-2.pdf http://www.comune.patti.me.it/administrator/components/com_albopretorio/allegati/allegato_24056_2020-3.pdf http://www.comune.patti.me.it/administrator/components/com_albopretorio/allegati/allegato_24056_2020-4.pdf	Thu, 07 May 2020 02:00:00 +0200	http://www.comune.patti.me.it/administrator/components/com_albopretorio/allegati/allegato_24056_2020-1.pdf
24055	0000000786	SPESA A FAVORE DELL’ARCH. PAPA MASSIMILIANO IN ESECUZIONE DELLA DELIBERA DI C.C. N.104/2019. LIQUIDAZIONE.	7 Maggio 2020	http://www.comune.patti.me.it/administrator/components/com_albopretorio/allegati/allegato_24055_2020-1.pdf http://www.comune.patti.me.it/administrator/components/com_albopretorio/allegati/allegato_24055_2020-2.pdf http://www.comune.patti.me.it/administrator/components/com_albopretorio/allegati/allegato_24055_2020-3.pdf http://www.comune.patti.me.it/administrator/components/com_albopretorio/allegati/allegato_24055_2020-4.pdf	Thu, 07 May 2020 02:00:00 +0200	http://www.comune.patti.me.it/administrator/components/com_albopretorio/allegati/allegato_24055_2020-1.pdf
24054	0000000785	SPESA A FAVORE DELLA DUSTY S.R.L. IN ESECUZIONE DELLA DELIBERA DI C.C. N. 102/2019. LIQUIDAZIONE	7 Maggio 2020	http://www.comune.patti.me.it/administrator/components/com_albopretorio/allegati/allegato_24054_2020-1.pdf http://www.comune.patti.me.it/administrator/components/com_albopretorio/allegati/allegato_24054_2020-2.pdf http://www.comune.patti.me.it/administrator/components/com_albopretorio/allegati/allegato_24054_2020-3.pdf http://www.comune.patti.me.it/administrator/components/com_albopretorio/allegati/allegato_24054_2020-4.pdf	Thu, 07 May 2020 02:00:00 +0200	http://www.comune.patti.me.it/administrator/components/com_albopretorio/allegati/allegato_24054_2020-1.pdf
24053	0000000784	SPESA A FAVORE DELLA SIG.RA DI MARIO ANTONINA IN ESECUZIONE DELLA DELIBERA DI C.C. N.96/2019.LIQUIDAZIONE	7 Maggio 2020	http://www.comune.patti.me.it/administrator/components/com_albopretorio/allegati/allegato_24053_2020-1.pdf http://www.comune.patti.me.it/administrator/components/com_albopretorio/allegati/allegato_24053_2020-2.pdf http://www.comune.patti.me.it/administrator/components/com_albopretorio/allegati/allegato_24053_2020-3.pdf http://www.comune.patti.me.it/administrator/components/com_albopretorio/allegati/allegato_24053_2020-4.pdf	Thu, 07 May 2020 02:00:00 +0200	http://www.comune.patti.me.it/administrator/components/com_albopretorio/allegati/allegato_24053_2020-1.pdf
24051	0000000783	ORDINANZA A CARICO DEL SIG. ARLOTTA SALVATORE	7 Maggio 2020	http://www.comune.patti.me.it/administrator/components/com_albopretorio/allegati/allegato_24051_2020-1.pdf	Thu, 07 May 2020 02:00:00 +0200	http://www.comune.patti.me.it/administrator/components/com_albopretorio/allegati/allegato_24051_2020-1.pdf
24050	0000000782	ORDINANZA TSO	7 Maggio 2020	http://www.comune.patti.me.it/administrator/components/com_albopretorio/allegati/allegato_24050_2020-1.pdf	Thu, 07 May 2020 02:00:00 +0200	http://www.comune.patti.me.it/administrator/components/com_albopretorio/allegati/allegato_24050_2020-1.pdf
24048	0000000780	SPESA LEGALI A SALDO AVV. LOREDANA RIGOLI. CONTROVERSIA IMPALÀ GIUSEPPE I° E II° GRADO. LIQUIDAZIONE.	7 Maggio 2020	http://www.comune.patti.me.it/administrator/components/com_albopretorio/allegati/allegato_24048_2020-1.pdf http://www.comune.patti.me.it/administrator/components/com_albopretorio/allegati/allegato_24048_2020-2.pdf http://www.comune.patti.me.it/administrator/components/com_albopretorio/allegati/allegato_24048_2020-3.pdf http://www.comune.patti.me.it/administrator/components/com_albopretorio/allegati/allegato_24048_2020-4.pdf	Thu, 07 May 2020 02:00:00 +0200	http://www.comune.patti.me.it/administrator/components/com_albopretorio/allegati/allegato_24048_2020-1.pdf
24047	0000000779	SPESA A FAVORE DELLA SIG.RA AUGUGLIARO MARIA LUISA E DEL LEGALE DISTRATTARIO AVV. ANTONINO ARIZIA IN ESECUZIONE DELLA DELIBERA COMMISSARIO AD ACTA N.2/2020. LIQUIDAZIONE.	7 Maggio 2020	http://www.comune.patti.me.it/administrator/components/com_albopretorio/allegati/allegato_24047_2020-1.pdf http://www.comune.patti.me.it/administrator/components/com_albopretorio/allegati/allegato_24047_2020-2.pdf http://www.comune.patti.me.it/administrator/components/com_albopretorio/allegati/allegato_24047_2020-3.pdf http://www.comune.patti.me.it/administrator/components/com_albopretorio/allegati/allegato_24047_2020-4.pdf http://www.comune.patti.me.it/administrator/components/com_albopretorio/allegati/allegato_24047_2020-5.pdf	Thu, 07 May 2020 02:00:00 +0200	http://www.comune.patti.me.it/administrator/components/com_albopretorio/allegati/allegato_24047_2020-1.pdf
24046	0000000778	LIQUIDAZIONE URGENTE FATTURA ACI N. 31160, DEL 13/12/19 – SERVIZIO “TP VISURE”.	6 Maggio 2020	http://www.comune.patti.me.it/administrator/components/com_albopretorio/allegati/allegato_24046_2020-1.pdf http://www.comune.patti.me.it/administrator/components/com_albopretorio/allegati/allegato_24046_2020-2.pdf http://www.comune.patti.me.it/administrator/components/com_albopretorio/allegati/allegato_24046_2020-3.pdf	Wed, 06 May 2020 02:00:00 +0200	http://www.comune.patti.me.it/administrator/components/com_albopretorio/allegati/allegato_24046_2020-1.pdf
24045	0000000777	IMPEGNO SPESA E AFFIDAMENTO NUOVA CONVENZIONE ANNUALE PER PRESTAZIONI E SERVIZI VETERINARI IN AMBITO GESTIONE E PREVENZIONE RANDAGISMO	6 Maggio 2020	http://www.comune.patti.me.it/administrator/components/com_albopretorio/allegati/allegato_24045_2020-1.pdf http://www.comune.patti.me.it/administrator/components/com_albopretorio/allegati/allegato_24045_2020-2.pdf http://www.comune.patti.me.it/administrator/components/com_albopretorio/allegati/allegato_24045_2020-3.pdf http://www.comune.patti.me.it/administrator/components/com_albopretorio/allegati/allegato_24045_2020-4.pdf	Wed, 06 May 2020 02:00:00 +0200	http://www.comune.patti.me.it/administrator/components/com_albopretorio/allegati/allegato_24045_2020-1.pdf
24044	0000000776	SERVIZIO DI MEDICINA NECROSCOPICA DISPONIBILITA&apos; POMERIDIANA MESE DI MAGGIO	5 Maggio 2020	http://www.comune.patti.me.it/administrator/components/com_albopretorio/allegati/allegato_24044_2020-1.pdf	Tue, 05 May 2020 02:00:00 +0200	http://www.comune.patti.me.it/administrator/components/com_albopretorio/allegati/allegato_24044_2020-1.pdf
24043	0000000775	SMALTIMENTO CARCASSA BOVINO	5 Maggio 2020	http://www.comune.patti.me.it/administrator/components/com_albopretorio/allegati/allegato_24043_2020-1.pdf	Tue, 05 May 2020 02:00:00 +0200	http://www.comune.patti.me.it/administrator/components/com_albopretorio/allegati/allegato_24043_2020-1.pdf
24042	0000000774	PROGETTO SMART CITY PATTI - PROJECT FINANCING PER L’AFFIDAMENTO DELLA PROGETTAZIONE E REALIZZAZIONE DI UN INTERVENTO DI EFFICIENTAMENTO ED ADEGUAMENTO NORMATIVO DEGLI IMPIANTI DI PUBBLICA ILLUMINAZIONE STRADALE CON L’INTRODUZIONE DEI SERVIZI DI SMART CITY, NONCHÉ LA GESTIONE, LA MANUTENZIONE ORDINARIA E STRAORDINARIA DELL’IMPIANTO, IVI COMPRESA LA FORNITURA DI ENERGIA ELETTRICA. RIAPPROVAZIONE BANDO E DISCIPLINARE DI GARA	5 Maggio 2020	http://www.comune.patti.me.it/administrator/components/com_albopretorio/allegati/allegato_24042_2020-1.pdf http://www.comune.patti.me.it/administrator/components/com_albopretorio/allegati/allegato_24042_2020-2.pdf http://www.comune.patti.me.it/administrator/components/com_albopretorio/allegati/allegato_24042_2020-3.pdf http://www.comune.patti.me.it/administrator/components/com_albopretorio/allegati/allegato_24042_2020-4.pdf	Tue, 05 May 2020 02:00:00 +0200	http://www.comune.patti.me.it/administrator/components/com_albopretorio/allegati/allegato_24042_2020-1.pdf
24041	0000000773	SERVIZIO DI TRASPORTO PUBBLICO LOCALE IN AUTOBUS. – LL. RR. N° 19/2005 E N° 2/2007 LIQUIDAZIONE RATEO PERIODO 03 DICEMBRE – 31 DICEMBRE 2019 DITTA GIARDINA VIAGGI S.R.L.	5 Maggio 2020	http://www.comune.patti.me.it/administrator/components/com_albopretorio/allegati/allegato_24041_2020-1.pdf http://www.comune.patti.me.it/administrator/components/com_albopretorio/allegati/allegato_24041_2020-2.pdf http://www.comune.patti.me.it/administrator/components/com_albopretorio/allegati/allegato_24041_2020-3.pdf http://www.comune.patti.me.it/administrator/components/com_albopretorio/allegati/allegato_24041_2020-4.pdf	Tue, 05 May 2020 02:00:00 +0200	http://www.comune.patti.me.it/administrator/components/com_albopretorio/allegati/allegato_24041_2020-1.pdf
24040	0000000772	LIQUIDAZIONE BUONI SPESA COVID-19 ALLA DITTA SGA S.R.L.	5 Maggio 2020	http://www.comune.patti.me.it/administrator/components/com_albopretorio/allegati/allegato_24040_2020-1.pdf http://www.comune.patti.me.it/administrator/components/com_albopretorio/allegati/allegato_24040_2020-2.pdf http://www.comune.patti.me.it/administrator/components/com_albopretorio/allegati/allegato_24040_2020-3.pdf http://www.comune.patti.me.it/administrator/components/com_albopretorio/allegati/allegato_24040_2020-4.pdf	Tue, 05 May 2020 02:00:00 +0200	http://www.comune.patti.me.it/administrator/components/com_albopretorio/allegati/allegato_24040_2020-1.pdf
24039	0000000771	SPESE LEGALI A SALDO AVV. MIKE BONOMO CONTROVERSIA CALGECO S.R.L. LIQUIDAZIONE.	5 Maggio 2020	http://www.comune.patti.me.it/administrator/components/com_albopretorio/allegati/allegato_24039_2020-1.pdf http://www.comune.patti.me.it/administrator/components/com_albopretorio/allegati/allegato_24039_2020-2.pdf http://www.comune.patti.me.it/administrator/components/com_albopretorio/allegati/allegato_24039_2020-3.pdf http://www.comune.patti.me.it/administrator/components/com_albopretorio/allegati/allegato_24039_2020-4.pdf	Tue, 05 May 2020 02:00:00 +0200	http://www.comune.patti.me.it/administrator/components/com_albopretorio/allegati/allegato_24039_2020-1.pdf
24038	0000000770	PERMESSO DI COSTRUIRE IN SANATORIA L.47/85 - L.R.37/85 N.11/2020 IN DITTA ZINGALES ALDO &amp; C.	4 Maggio 2020	http://www.comune.patti.me.it/administrator/components/com_albopretorio/allegati/allegato_24038_2020-1.pdf	Mon, 04 May 2020 02:00:00 +0200	http://www.comune.patti.me.it/administrator/components/com_albopretorio/allegati/allegato_24038_2020-1.pdf
24037	0000000769	PRONTA DISPONIBILITA&apos; SERVIZIO IGIENE PUBBLICA E MEDICINA LEGALE DISTRETTO SANITARIO DI PATTI MESE DI MAGGIO	4 Maggio 2020	http://www.comune.patti.me.it/administrator/components/com_albopretorio/allegati/allegato_24037_2020-1.pdf	Mon, 04 May 2020 02:00:00 +0200	http://www.comune.patti.me.it/administrator/components/com_albopretorio/allegati/allegato_24037_2020-1.pdf
24036	0000000768	PRESA D&apos;ATTO CESSIONE CREDITO E LIQUIDAZIONE DEL CREDITO CEDUTO DELLA DITTA BONGIOVANNI S.R.L.S.	4 Maggio 2020	http://www.comune.patti.me.it/administrator/components/com_albopretorio/allegati/allegato_24036_2020-1.pdf http://www.comune.patti.me.it/administrator/components/com_albopretorio/allegati/allegato_24036_2020-2.pdf http://www.comune.patti.me.it/administrator/components/com_albopretorio/allegati/allegato_24036_2020-3.pdf	Mon, 04 May 2020 02:00:00 +0200	http://www.comune.patti.me.it/administrator/components/com_albopretorio/allegati/allegato_24036_2020-1.pdf
24035	0000000767	LIQUIDAZIONE SOMME PER IL SERVIZIO DI REDAZIONE DEL RENDICONTO DI GESTIONE ANNO 2017 SECONDO I PRINCIPI CONTABILI DI CUI AL D. LGS. N° 118/2011 E SS.MM.II. - DITTA: IMMEDIA S.P.A. (GIA’ HALLEY CONSULTING S.P.A.).	4 Maggio 2020	http://www.comune.patti.me.it/administrator/components/com_albopretorio/allegati/allegato_24035_2020-1.pdf http://www.comune.patti.me.it/administrator/components/com_albopretorio/allegati/allegato_24035_2020-2.pdf http://www.comune.patti.me.it/administrator/components/com_albopretorio/allegati/allegato_24035_2020-3.pdf	Mon, 04 May 2020 02:00:00 +0200	http://www.comune.patti.me.it/administrator/components/com_albopretorio/allegati/allegato_24035_2020-1.pdf
24034	0000000766	LIQUIDAZIONE SOMME ALLA DITTA IMMEDIA S.P.A. PER IL SERVIZIO DI SUPPORTO TECNICO SPECIALISTICO PER L’ELABORAZIONE DEL CONTO ECONOMICO E DELLO STATO PATRIMONIALE ANNO 2018 SECONDO I PRINCIPI CONTABILI DI CUI AL D. LGS. N° 118/2011 E SS.MM.II.	4 Maggio 2020	http://www.comune.patti.me.it/administrator/components/com_albopretorio/allegati/allegato_24034_2020-1.pdf http://www.comune.patti.me.it/administrator/components/com_albopretorio/allegati/allegato_24034_2020-2.pdf http://www.comune.patti.me.it/administrator/components/com_albopretorio/allegati/allegato_24034_2020-3.pdf	Mon, 04 May 2020 02:00:00 +0200	http://www.comune.patti.me.it/administrator/components/com_albopretorio/allegati/allegato_24034_2020-1.pdf
24028	0000000761	TURNI IN PRONTA DISPONIBILITA&apos; PUBBLICA VETERINARIA MESE DI MAGGIO 2020	30 Aprile 2020	http://www.comune.patti.me.it/administrator/components/com_albopretorio/allegati/allegato_24028_2020-1.pdf	Thu, 30 Apr 2020 02:00:00 +0200	http://www.comune.patti.me.it/administrator/components/com_albopretorio/allegati/allegato_24028_2020-1.pdf
23986	0000000722	LIQUIDAZIONE CONTRIBUTO A.S.D. ALMA BASKET PER ATTIVITA’ SPORTIVA – STAGIONE 2018	23 Aprile 2020	http://www.comune.patti.me.it/administrator/components/com_albopretorio/allegati/allegato_23986_2020-1.pdf http://www.comune.patti.me.it/administrator/components/com_albopretorio/allegati/allegato_23986_2020-2.pdf http://www.comune.patti.me.it/administrator/components/com_albopretorio/allegati/allegato_23986_2020-3.pdf http://www.comune.patti.me.it/administrator/components/com_albopretorio/allegati/allegato_23986_2020-4.pdf http://www.comune.patti.me.it/administrator/components/com_albopretorio/allegati/allegato_23986_2020-5.pdf	Thu, 23 Apr 2020 02:00:00 +0200	http://www.comune.patti.me.it/administrator/components/com_albopretorio/allegati/allegato_23986_2020-1.pdf
23957	0000000693	PROCEDURA DI GARA PER L’AFFIDAMENTO DEL SERVIZIO SOCIALE PROFESSIONALE-FIGURA PROFESSIONALE ASSISTENTE SOCIALE-AVVISO 3/2016 , NELL&apos;AMBITO DEL PROGETTO A VALERE SUL PON INCLUSIONE, FONDO SOCIALE EUROPEO (FSE) , PROPOSTE DI INTERVENTO PER L&apos;ATTUAZIONE DEL SOSTEGNO PER L&apos;INCLUSIONE ATTIVA. CIG 81918131F1 COMUNICAZIONE AGGIUDICAZIONE, AI SENSI DELL’ART. 29 E 76 COMMA 5, LETTERA A) E 6 DEL D.LGS 50/2016 E SS.MM.II.	20 Aprile 2020	http://www.comune.patti.me.it/administrator/components/com_albopretorio/allegati/allegato_23957_2020-1.pdf	Mon, 20 Apr 2020 02:00:00 +0200	http://www.comune.patti.me.it/administrator/components/com_albopretorio/allegati/allegato_23957_2020-1.pdf
23729	0000000483	OBIETTIVO S6 DEL QNS 2007/2013 INTERVENTO 4 IMPLEMENTAZIONE DELLE PRESTAZIONI DI NATURA ASSISTENZIALE ATTIVATE NELL&apos;AMBITO DEL SERVIZIO DI ASSISTENZA DOMICILIARE INTEGRATA ADI VOUCHER SLITTAMENTO INTERVENTO AL 31/12/2020	6 Marzo 2020	http://www.comune.patti.me.it/administrator/components/com_albopretorio/allegati/allegato_23729_2020-1.pdf	Fri, 06 Mar 2020 02:00:00 +0200	http://www.comune.patti.me.it/administrator/components/com_albopretorio/allegati/allegato_23729_2020-1.pdf
23728	0000000482	ALBO DISTREATTUALE DEGLI OPERATORI ECONOMICI ACCREDITATI PER EROGAZIONE SERVIZI DI ASSISTENZA DOMICILIARE IN FAVORE DI ANZIANI E DISABILI OBIETTIVO S6 DEL QNS 2007/2013 ADI VOUCHER SLITTAMENTO INTERVENTO 31/12/2020	7 Marzo 2020	http://www.comune.patti.me.it/administrator/components/com_albopretorio/allegati/allegato_23728_2020-1.pdf	Sat, 07 Mar 2020 02:00:00 +0200	http://www.comune.patti.me.it/administrator/components/com_albopretorio/allegati/allegato_23728_2020-1.pdf
23506	0000000270	AVVISO PRESENTAZIONE ISTANZA - PdZ 2013/2015 - AOD N.1 DEL DISTRETTO SOCIO-SANITARIO N.30 AZIONE 8 &quot;EMERGENZA E URGENZA SOCIALE&quot; TERZA ANNUALITA&apos; ED INTEGRAZIONE	6 Febbraio 2020	http://www.comune.patti.me.it/administrator/components/com_albopretorio/allegati/allegato_23506_2020-1.pdf	Thu, 06 Feb 2020 02:00:00 +0200	http://www.comune.patti.me.it/administrator/components/com_albopretorio/allegati/allegato_23506_2020-1.pdf
23399	0000000164	AVVISO RIAPERTURA CENTRO DI RACCOLTA DI RIFIUTI IN CONTRADA MULINELLO	23 Gennaio 2020	http://www.comune.patti.me.it/administrator/components/com_albopretorio/allegati/allegato_23399_2020-1.pdf	Thu, 23 Jan 2020 02:00:00 +0200	http://www.comune.patti.me.it/administrator/components/com_albopretorio/allegati/allegato_23399_2020-1.pdf
22936	0000002234	LIQUIDAZIONE FATTURA , A FAVORE DELL&apos;AMBULATORIO VETERINARIO DELLA DOTT.SSA NIOSI PER SERVIZI DI CUI ALLA CONVENZIONE	26 Novembre 2019	http://www.comune.patti.me.it/administrator/components/com_albopretorio/allegati/allegato_22936_2019-1.pdf	Tue, 26 Nov 2019 02:00:00 +0200	http://www.comune.patti.me.it/administrator/components/com_albopretorio/allegati/allegato_22936_2019-1.pdf
